[
  {
    "model": "exercises.category",
    "pk": 1,
    "fields": {
      "name": "Strength",
      "training_type": "strength",
      "description": "Build muscle and increase strength with progressive resistance training.",
      "image": ""
    }
  },
  {
    "model": "exercises.category",
    "pk": 2,
    "fields": {
      "name": "HIIT",
      "training_type": "hiit",
      "description": "High-intensity interval training to torch calories and boost cardio fitness.",
      "image": ""
    }
  },
  {
    "model": "exercises.category",
    "pk": 3,
    "fields": {
      "name": "Cardio",
      "training_type": "cardio",
      "description": "Steady-state cardio for endurance, heart health, and fat burn.",
      "image": ""
    }
  },
  {
    "model": "exercises.category",
    "pk": 4,
    "fields": {
      "name": "Mobility",
      "training_type": "mobility",
      "description": "Improve flexibility, joint health, and movement quality.",
      "image": ""
    }
  },
  {
    "model": "exercises.musclegroup",
    "pk": 1,
    "fields": {
      "name": "upper_body",
      "categories": [
        1
      ]
    }
  },
  {
    "model": "exercises.musclegroup",
    "pk": 2,
    "fields": {
      "name": "lower_body",
      "categories": [
        1
      ]
    }
  },
  {
    "model": "exercises.musclegroup",
    "pk": 3,
    "fields": {
      "name": "glutes",
      "categories": [
        1
      ]
    }
  },
  {
    "model": "exercises.musclegroup",
    "pk": 4,
    "fields": {
      "name": "core",
      "categories": [
        1
      ]
    }
  },
  {
    "model": "exercises.musclegroup",
    "pk": 5,
    "fields": {
      "name": "full_body",
      "categories": [
        1,
        2,
        3,
        4
      ]
    }
  },
  {
    "model": "exercises.musclegroup",
    "pk": 6,
    "fields": {
      "name": "cardio",
      "categories": [
        2,
        3
      ]
    }
  },
  {
    "model": "exercises.exercise",
    "pk": 1,
    "fields": {
      "category": 1,
      "muscle_group": 1,
      "exercise_type": "strength",
      "name": "Bicep Curl",
      "description": "Stand with dumbbells at your sides. Curl both weights up toward your shoulders, squeezing at the top. Lower slowly.",
      "level": "beginner",
      "sets": null,
      "reps": "",
      "weight": "5--8kg",
      "rest_time": null,
      "work_time": null,
      "hiit_rest_time": null,
      "rounds": null,
      "duration": "",
      "distance": "",
      "intensity": "",
      "image": "",
      "demo_video": ""
    }
  },
  {
    "model": "exercises.exercise",
    "pk": 2,
    "fields": {
      "category": 1,
      "muscle_group": 1,
      "exercise_type": "strength",
      "name": "Bicep Curl",
      "description": "Stand with dumbbells at your sides. Curl both weights up toward your shoulders, squeezing at the top. Lower slowly.",
      "level": "intermediate",
      "sets": null,
      "reps": "",
      "weight": "10--14kg",
      "rest_time": null,
      "work_time": null,
      "hiit_rest_time": null,
      "rounds": null,
      "duration": "",
      "distance": "",
      "intensity": "",
      "image": "",
      "demo_video": ""
    }
  },
  {
    "model": "exercises.exercise",
    "pk": 3,
    "fields": {
      "category": 1,
      "muscle_group": 1,
      "exercise_type": "strength",
      "name": "Bicep Curl",
      "description": "Stand with dumbbells at your sides. Curl both weights up toward your shoulders, squeezing at the top. Lower slowly.",
      "level": "advanced",
      "sets": null,
      "reps": "",
      "weight": "16kg+",
      "rest_time": null,
      "work_time": null,
      "hiit_rest_time": null,
      "rounds": null,
      "duration": "",
      "distance": "",
      "intensity": "",
      "image": "",
      "demo_video": ""
    }
  },
  {
    "model": "exercises.exercise",
    "pk": 4,
    "fields": {
      "category": 1,
      "muscle_group": 1,
      "exercise_type": "strength",
      "name": "Hammer Curl",
      "description": "Hold dumbbells with a neutral grip (palms facing in). Curl up without rotating the wrist. Great for brachialis development.",
      "level": "beginner",
      "sets": 3,
      "reps": "10",
      "weight": "5--8kg",
      "rest_time": null,
      "work_time": null,
      "hiit_rest_time": null,
      "rounds": null,
      "duration": "",
      "distance": "",
      "intensity": "",
      "image": "",
      "demo_video": ""
    }
  },
  {
    "model": "exercises.exercise",
    "pk": 5,
    "fields": {
      "category": 1,
      "muscle_group": 1,
      "exercise_type": "strength",
      "name": "Hammer Curl",
      "description": "Hold dumbbells with a neutral grip (palms facing in). Curl up without rotating the wrist. Great for brachialis development.",
      "level": "intermediate",
      "sets": 3,
      "reps": "12",
      "weight": "10--14kg",
      "rest_time": null,
      "work_time": null,
      "hiit_rest_time": null,
      "rounds": null,
      "duration": "",
      "distance": "",
      "intensity": "",
      "image": "",
      "demo_video": ""
    }
  },
  {
    "model": "exercises.exercise",
    "pk": 6,
    "fields": {
      "category": 1,
      "muscle_group": 1,
      "exercise_type": "strength",
      "name": "Hammer Curl",
      "description": "Hold dumbbells with a neutral grip (palms facing in). Curl up without rotating the wrist. Great for brachialis development.",
      "level": "advanced",
      "sets": 4,
      "reps": "10--12",
      "weight": "16kg+",
      "rest_time": null,
      "work_time": null,
      "hiit_rest_time": null,
      "rounds": null,
      "duration": "",
      "distance": "",
      "intensity": "",
      "image": "",
      "demo_video": ""
    }
  },
  {
    "model": "exercises.exercise",
    "pk": 7,
    "fields": {
      "category": 1,
      "muscle_group": 1,
      "exercise_type": "strength",
      "name": "Tricep Dips",
      "description": "Use a bench or chair behind you. Lower your body by bending your elbows to 90°, then press back up. Keep elbows close.",
      "level": "beginner",
      "sets": null,
      "reps": "",
      "weight": "Bodyweight",
      "rest_time": null,
      "work_time": null,
      "hiit_rest_time": null,
      "rounds": null,
      "duration": "",
      "distance": "",
      "intensity": "",
      "image": "",
      "demo_video": ""
    }
  },
  {
    "model": "exercises.exercise",
    "pk": 8,
    "fields": {
      "category": 1,
      "muscle_group": 1,
      "exercise_type": "strength",
      "name": "Tricep Dips",
      "description": "Use a bench or chair behind you. Lower your body by bending your elbows to 90°, then press back up. Keep elbows close.",
      "level": "intermediate",
      "sets": null,
      "reps": "",
      "weight": "Bodyweight",
      "rest_time": null,
      "work_time": null,
      "hiit_rest_time": null,
      "rounds": null,
      "duration": "",
      "distance": "",
      "intensity": "",
      "image": "",
      "demo_video": ""
    }
  },
  {
    "model": "exercises.exercise",
    "pk": 9,
    "fields": {
      "category": 1,
      "muscle_group": 1,
      "exercise_type": "strength",
      "name": "Tricep Dips",
      "description": "Use a bench or chair behind you. Lower your body by bending your elbows to 90°, then press back up. Keep elbows close.",
      "level": "advanced",
      "sets": null,
      "reps": "",
      "weight": "Weighted",
      "rest_time": null,
      "work_time": null,
      "hiit_rest_time": null,
      "rounds": null,
      "duration": "",
      "distance": "",
      "intensity": "",
      "image": "",
      "demo_video": ""
    }
  },
  {
    "model": "exercises.exercise",
    "pk": 10,
    "fields": {
      "category": 1,
      "muscle_group": 1,
      "exercise_type": "strength",
      "name": "Push-Up",
      "description": "Start in a plank position with hands shoulder-width apart. Lower your chest to the floor and push back up, keeping your body straight.",
      "level": "beginner",
      "sets": 3,
      "reps": "10--15",
      "weight": "Bodyweight",
      "rest_time": null,
      "work_time": null,
      "hiit_rest_time": null,
      "rounds": null,
      "duration": "",
      "distance": "",
      "intensity": "",
      "image": "",
      "demo_video": ""
    }
  },
  {
    "model": "exercises.exercise",
    "pk": 11,
    "fields": {
      "category": 1,
      "muscle_group": 1,
      "exercise_type": "strength",
      "name": "Push-Up",
      "description": "Start in a plank position with hands shoulder-width apart. Lower your chest to the floor and push back up, keeping your body straight.",
      "level": "intermediate",
      "sets": null,
      "reps": "",
      "weight": "Bodyweight",
      "rest_time": null,
      "work_time": null,
      "hiit_rest_time": null,
      "rounds": null,
      "duration": "",
      "distance": "",
      "intensity": "",
      "image": "",
      "demo_video": ""
    }
  },
  {
    "model": "exercises.exercise",
    "pk": 12,
    "fields": {
      "category": 1,
      "muscle_group": 1,
      "exercise_type": "strength",
      "name": "Push-Up",
      "description": "Start in a plank position with hands shoulder-width apart. Lower your chest to the floor and push back up, keeping your body straight.",
      "level": "advanced",
      "sets": null,
      "reps": "",
      "weight": "Weighted",
      "rest_time": null,
      "work_time": null,
      "hiit_rest_time": null,
      "rounds": null,
      "duration": "",
      "distance": "",
      "intensity": "",
      "image": "",
      "demo_video": ""
    }
  },
  {
    "model": "exercises.exercise",
    "pk": 13,
    "fields": {
      "category": 1,
      "muscle_group": 1,
      "exercise_type": "strength",
      "name": "Shoulder Press",
      "description": "Hold dumbbells at shoulder height, palms forward. Press overhead until arms are fully extended. Lower with control.",
      "level": "beginner",
      "sets": null,
      "reps": "",
      "weight": "5--8kg",
      "rest_time": null,
      "work_time": null,
      "hiit_rest_time": null,
      "rounds": null,
      "duration": "",
      "distance": "",
      "intensity": "",
      "image": "",
      "demo_video": ""
    }
  },
  {
    "model": "exercises.exercise",
    "pk": 14,
    "fields": {
      "category": 1,
      "muscle_group": 1,
      "exercise_type": "strength",
      "name": "Shoulder Press",
      "description": "Hold dumbbells at shoulder height, palms forward. Press overhead until arms are fully extended. Lower with control.",
      "level": "intermediate",
      "sets": null,
      "reps": "",
      "weight": "10--14kg",
      "rest_time": null,
      "work_time": null,
      "hiit_rest_time": null,
      "rounds": null,
      "duration": "",
      "distance": "",
      "intensity": "",
      "image": "",
      "demo_video": ""
    }
  },
  {
    "model": "exercises.exercise",
    "pk": 15,
    "fields": {
      "category": 1,
      "muscle_group": 1,
      "exercise_type": "strength",
      "name": "Shoulder Press",
      "description": "Hold dumbbells at shoulder height, palms forward. Press overhead until arms are fully extended. Lower with control.",
      "level": "advanced",
      "sets": null,
      "reps": "",
      "weight": "16kg+",
      "rest_time": null,
      "work_time": null,
      "hiit_rest_time": null,
      "rounds": null,
      "duration": "",
      "distance": "",
      "intensity": "",
      "image": "",
      "demo_video": ""
    }
  },
  {
    "model": "exercises.exercise",
    "pk": 16,
    "fields": {
      "category": 1,
      "muscle_group": 1,
      "exercise_type": "strength",
      "name": "Bent-Over Row",
      "description": "Hinge at the hips with a flat back. Pull dumbbells toward your hips, driving elbows back. Squeeze shoulder blades at the top.",
      "level": "beginner",
      "sets": null,
      "reps": "",
      "weight": "5--8kg",
      "rest_time": null,
      "work_time": null,
      "hiit_rest_time": null,
      "rounds": null,
      "duration": "",
      "distance": "",
      "intensity": "",
      "image": "",
      "demo_video": ""
    }
  },
  {
    "model": "exercises.exercise",
    "pk": 17,
    "fields": {
      "category": 1,
      "muscle_group": 1,
      "exercise_type": "strength",
      "name": "Bent-Over Row",
      "description": "Hinge at the hips with a flat back. Pull dumbbells toward your hips, driving elbows back. Squeeze shoulder blades at the top.",
      "level": "intermediate",
      "sets": null,
      "reps": "",
      "weight": "10--14kg",
      "rest_time": null,
      "work_time": null,
      "hiit_rest_time": null,
      "rounds": null,
      "duration": "",
      "distance": "",
      "intensity": "",
      "image": "",
      "demo_video": ""
    }
  },
  {
    "model": "exercises.exercise",
    "pk": 18,
    "fields": {
      "category": 1,
      "muscle_group": 1,
      "exercise_type": "strength",
      "name": "Bent-Over Row",
      "description": "Hinge at the hips with a flat back. Pull dumbbells toward your hips, driving elbows back. Squeeze shoulder blades at the top.",
      "level": "advanced",
      "sets": null,
      "reps": "",
      "weight": "16kg+",
      "rest_time": null,
      "work_time": null,
      "hiit_rest_time": null,
      "rounds": null,
      "duration": "",
      "distance": "",
      "intensity": "",
      "image": "",
      "demo_video": ""
    }
  },
  {
    "model": "exercises.exercise",
    "pk": 19,
    "fields": {
      "category": 1,
      "muscle_group": 2,
      "exercise_type": "strength",
      "name": "Barbell Squat",
      "description": "Bar rests on upper traps. Feet shoulder-width apart. Descend until thighs are parallel to the floor, then drive through heels to stand.",
      "level": "beginner",
      "sets": null,
      "reps": "",
      "weight": "20--40kg",
      "rest_time": null,
      "work_time": null,
      "hiit_rest_time": null,
      "rounds": null,
      "duration": "",
      "distance": "",
      "intensity": "",
      "image": "",
      "demo_video": ""
    }
  },
  {
    "model": "exercises.exercise",
    "pk": 20,
    "fields": {
      "category": 1,
      "muscle_group": 2,
      "exercise_type": "strength",
      "name": "Barbell Squat",
      "description": "Bar rests on upper traps. Feet shoulder-width apart. Descend until thighs are parallel to the floor, then drive through heels to stand.",
      "level": "intermediate",
      "sets": null,
      "reps": "",
      "weight": "50--70kg",
      "rest_time": null,
      "work_time": null,
      "hiit_rest_time": null,
      "rounds": null,
      "duration": "",
      "distance": "",
      "intensity": "",
      "image": "",
      "demo_video": ""
    }
  },
  {
    "model": "exercises.exercise",
    "pk": 21,
    "fields": {
      "category": 1,
      "muscle_group": 2,
      "exercise_type": "strength",
      "name": "Barbell Squat",
      "description": "Bar rests on upper traps. Feet shoulder-width apart. Descend until thighs are parallel to the floor, then drive through heels to stand.",
      "level": "advanced",
      "sets": 5,
      "reps": "6--8",
      "weight": "80kg+",
      "rest_time": null,
      "work_time": null,
      "hiit_rest_time": null,
      "rounds": null,
      "duration": "",
      "distance": "",
      "intensity": "",
      "image": "",
      "demo_video": ""
    }
  },
  {
    "model": "exercises.exercise",
    "pk": 22,
    "fields": {
      "category": 1,
      "muscle_group": 2,
      "exercise_type": "strength",
      "name": "Goblet Squat",
      "description": "Hold a dumbbell or kettlebell at chest height. Squat deep, keeping elbows inside your knees. Great for beginners to learn squat mechanics.",
      "level": "beginner",
      "sets": null,
      "reps": "",
      "weight": "8--12kg",
      "rest_time": null,
      "work_time": null,
      "hiit_rest_time": null,
      "rounds": null,
      "duration": "",
      "distance": "",
      "intensity": "",
      "image": "",
      "demo_video": ""
    }
  },
  {
    "model": "exercises.exercise",
    "pk": 23,
    "fields": {
      "category": 1,
      "muscle_group": 2,
      "exercise_type": "strength",
      "name": "Goblet Squat",
      "description": "Hold a dumbbell or kettlebell at chest height. Squat deep, keeping elbows inside your knees. Great for beginners to learn squat mechanics.",
      "level": "intermediate",
      "sets": null,
      "reps": "",
      "weight": "16--20kg",
      "rest_time": null,
      "work_time": null,
      "hiit_rest_time": null,
      "rounds": null,
      "duration": "",
      "distance": "",
      "intensity": "",
      "image": "",
      "demo_video": ""
    }
  },
  {
    "model": "exercises.exercise",
    "pk": 24,
    "fields": {
      "category": 1,
      "muscle_group": 2,
      "exercise_type": "strength",
      "name": "Goblet Squat",
      "description": "Hold a dumbbell or kettlebell at chest height. Squat deep, keeping elbows inside your knees. Great for beginners to learn squat mechanics.",
      "level": "advanced",
      "sets": null,
      "reps": "",
      "weight": "24kg+",
      "rest_time": null,
      "work_time": null,
      "hiit_rest_time": null,
      "rounds": null,
      "duration": "",
      "distance": "",
      "intensity": "",
      "image": "",
      "demo_video": ""
    }
  },
  {
    "model": "exercises.exercise",
    "pk": 25,
    "fields": {
      "category": 1,
      "muscle_group": 2,
      "exercise_type": "strength",
      "name": "Walking Lunges",
      "description": "Step forward and lower your back knee toward the floor. Alternate legs as you walk forward. Keep your torso upright throughout.",
      "level": "beginner",
      "sets": 3,
      "reps": "10 each",
      "weight": "Bodyweight",
      "rest_time": null,
      "work_time": null,
      "hiit_rest_time": null,
      "rounds": null,
      "duration": "",
      "distance": "",
      "intensity": "",
      "image": "",
      "demo_video": ""
    }
  },
  {
    "model": "exercises.exercise",
    "pk": 26,
    "fields": {
      "category": 1,
      "muscle_group": 2,
      "exercise_type": "strength",
      "name": "Walking Lunges",
      "description": "Step forward and lower your back knee toward the floor. Alternate legs as you walk forward. Keep your torso upright throughout.",
      "level": "intermediate",
      "sets": 3,
      "reps": "10 each",
      "weight": "8--12kg",
      "rest_time": null,
      "work_time": null,
      "hiit_rest_time": null,
      "rounds": null,
      "duration": "",
      "distance": "",
      "intensity": "",
      "image": "",
      "demo_video": ""
    }
  },
  {
    "model": "exercises.exercise",
    "pk": 27,
    "fields": {
      "category": 1,
      "muscle_group": 2,
      "exercise_type": "strength",
      "name": "Walking Lunges",
      "description": "Step forward and lower your back knee toward the floor. Alternate legs as you walk forward. Keep your torso upright throughout.",
      "level": "advanced",
      "sets": 4,
      "reps": "12 each",
      "weight": "16kg+",
      "rest_time": null,
      "work_time": null,
      "hiit_rest_time": null,
      "rounds": null,
      "duration": "",
      "distance": "",
      "intensity": "",
      "image": "",
      "demo_video": ""
    }
  },
  {
    "model": "exercises.exercise",
    "pk": 28,
    "fields": {
      "category": 1,
      "muscle_group": 2,
      "exercise_type": "strength",
      "name": "Romanian Deadlift",
      "description": "Hold dumbbells in front of thighs. Hinge at the hips, pushing them back while lowering the weights along your legs. Feel the hamstring stretch, then return.",
      "level": "beginner",
      "sets": null,
      "reps": "",
      "weight": "8--12kg",
      "rest_time": null,
      "work_time": null,
      "hiit_rest_time": null,
      "rounds": null,
      "duration": "",
      "distance": "",
      "intensity": "",
      "image": "",
      "demo_video": ""
    }
  },
  {
    "model": "exercises.exercise",
    "pk": 29,
    "fields": {
      "category": 1,
      "muscle_group": 2,
      "exercise_type": "strength",
      "name": "Romanian Deadlift",
      "description": "Hold dumbbells in front of thighs. Hinge at the hips, pushing them back while lowering the weights along your legs. Feel the hamstring stretch, then return.",
      "level": "intermediate",
      "sets": null,
      "reps": "",
      "weight": "16--20kg",
      "rest_time": null,
      "work_time": null,
      "hiit_rest_time": null,
      "rounds": null,
      "duration": "",
      "distance": "",
      "intensity": "",
      "image": "",
      "demo_video": ""
    }
  },
  {
    "model": "exercises.exercise",
    "pk": 30,
    "fields": {
      "category": 1,
      "muscle_group": 2,
      "exercise_type": "strength",
      "name": "Romanian Deadlift",
      "description": "Hold dumbbells in front of thighs. Hinge at the hips, pushing them back while lowering the weights along your legs. Feel the hamstring stretch, then return.",
      "level": "advanced",
      "sets": null,
      "reps": "",
      "weight": "24kg+",
      "rest_time": null,
      "work_time": null,
      "hiit_rest_time": null,
      "rounds": null,
      "duration": "",
      "distance": "",
      "intensity": "",
      "image": "",
      "demo_video": ""
    }
  },
  {
    "model": "exercises.exercise",
    "pk": 31,
    "fields": {
      "category": 1,
      "muscle_group": 2,
      "exercise_type": "strength",
      "name": "Calf Raises",
      "description": "Stand with feet hip-width apart. Rise onto your toes as high as possible, pause, then lower slowly. Can be done on a step for greater range.",
      "level": "beginner",
      "sets": 3,
      "reps": "15",
      "weight": "Bodyweight",
      "rest_time": null,
      "work_time": null,
      "hiit_rest_time": null,
      "rounds": null,
      "duration": "",
      "distance": "",
      "intensity": "",
      "image": "",
      "demo_video": ""
    }
  },
  {
    "model": "exercises.exercise",
    "pk": 32,
    "fields": {
      "category": 1,
      "muscle_group": 2,
      "exercise_type": "strength",
      "name": "Calf Raises",
      "description": "Stand with feet hip-width apart. Rise onto your toes as high as possible, pause, then lower slowly. Can be done on a step for greater range.",
      "level": "intermediate",
      "sets": 3,
      "reps": "20",
      "weight": "Bodyweight",
      "rest_time": null,
      "work_time": null,
      "hiit_rest_time": null,
      "rounds": null,
      "duration": "",
      "distance": "",
      "intensity": "",
      "image": "",
      "demo_video": ""
    }
  },
  {
    "model": "exercises.exercise",
    "pk": 33,
    "fields": {
      "category": 1,
      "muscle_group": 2,
      "exercise_type": "strength",
      "name": "Calf Raises",
      "description": "Stand with feet hip-width apart. Rise onto your toes as high as possible, pause, then lower slowly. Can be done on a step for greater range.",
      "level": "advanced",
      "sets": 4,
      "reps": "20--25",
      "weight": "Weighted",
      "rest_time": null,
      "work_time": null,
      "hiit_rest_time": null,
      "rounds": null,
      "duration": "",
      "distance": "",
      "intensity": "",
      "image": "",
      "demo_video": ""
    }
  },
  {
    "model": "exercises.exercise",
    "pk": 34,
    "fields": {
      "category": 1,
      "muscle_group": 3,
      "exercise_type": "strength",
      "name": "Hip Thrust",
      "description": "Sit with upper back against a bench, barbell across hips. Drive hips up until body forms a straight line from shoulders to knees. Squeeze glutes at the top.",
      "level": "beginner",
      "sets": null,
      "reps": "",
      "weight": "Bodyweight",
      "rest_time": null,
      "work_time": null,
      "hiit_rest_time": null,
      "rounds": null,
      "duration": "",
      "distance": "",
      "intensity": "",
      "image": "",
      "demo_video": ""
    }
  },
  {
    "model": "exercises.exercise",
    "pk": 35,
    "fields": {
      "category": 1,
      "muscle_group": 3,
      "exercise_type": "strength",
      "name": "Hip Thrust",
      "description": "Sit with upper back against a bench, barbell across hips. Drive hips up until body forms a straight line from shoulders to knees. Squeeze glutes at the top.",
      "level": "intermediate",
      "sets": 4,
      "reps": "10",
      "weight": "20--40kg",
      "rest_time": null,
      "work_time": null,
      "hiit_rest_time": null,
      "rounds": null,
      "duration": "",
      "distance": "",
      "intensity": "",
      "image": "",
      "demo_video": ""
    }
  },
  {
    "model": "exercises.exercise",
    "pk": 36,
    "fields": {
      "category": 1,
      "muscle_group": 3,
      "exercise_type": "strength",
      "name": "Hip Thrust",
      "description": "Sit with upper back against a bench, barbell across hips. Drive hips up until body forms a straight line from shoulders to knees. Squeeze glutes at the top.",
      "level": "advanced",
      "sets": 4,
      "reps": "8--10",
      "weight": "60kg+",
      "rest_time": null,
      "work_time": null,
      "hiit_rest_time": null,
      "rounds": null,
      "duration": "",
      "distance": "",
      "intensity": "",
      "image": "",
      "demo_video": ""
    }
  },
  {
    "model": "exercises.exercise",
    "pk": 37,
    "fields": {
      "category": 1,
      "muscle_group": 3,
      "exercise_type": "strength",
      "name": "Glute Bridge",
      "description": "Lie on your back, feet flat. Drive hips toward the ceiling, squeezing your glutes hard at the top. Hold for a beat, then lower.",
      "level": "beginner",
      "sets": 3,
      "reps": "12--15",
      "weight": "Bodyweight",
      "rest_time": null,
      "work_time": null,
      "hiit_rest_time": null,
      "rounds": null,
      "duration": "",
      "distance": "",
      "intensity": "",
      "image": "",
      "demo_video": ""
    }
  },
  {
    "model": "exercises.exercise",
    "pk": 38,
    "fields": {
      "category": 1,
      "muscle_group": 3,
      "exercise_type": "strength",
      "name": "Glute Bridge",
      "description": "Lie on your back, feet flat. Drive hips toward the ceiling, squeezing your glutes hard at the top. Hold for a beat, then lower.",
      "level": "intermediate",
      "sets": 3,
      "reps": "15",
      "weight": "10--20kg",
      "rest_time": null,
      "work_time": null,
      "hiit_rest_time": null,
      "rounds": null,
      "duration": "",
      "distance": "",
      "intensity": "",
      "image": "",
      "demo_video": ""
    }
  },
  {
    "model": "exercises.exercise",
    "pk": 39,
    "fields": {
      "category": 1,
      "muscle_group": 3,
      "exercise_type": "strength",
      "name": "Glute Bridge",
      "description": "Lie on your back, feet flat. Drive hips toward the ceiling, squeezing your glutes hard at the top. Hold for a beat, then lower.",
      "level": "advanced",
      "sets": 4,
      "reps": "15--20",
      "weight": "30kg+",
      "rest_time": null,
      "work_time": null,
      "hiit_rest_time": null,
      "rounds": null,
      "duration": "",
      "distance": "",
      "intensity": "",
      "image": "",
      "demo_video": ""
    }
  },
  {
    "model": "exercises.exercise",
    "pk": 40,
    "fields": {
      "category": 1,
      "muscle_group": 3,
      "exercise_type": "strength",
      "name": "Bulgarian Split Squat",
      "description": "Rear foot elevated on a bench. Lower your front knee toward the floor, keeping your torso upright. Powerful unilateral glute and quad builder.",
      "level": "beginner",
      "sets": 3,
      "reps": "8 each",
      "weight": "Bodyweight",
      "rest_time": null,
      "work_time": null,
      "hiit_rest_time": null,
      "rounds": null,
      "duration": "",
      "distance": "",
      "intensity": "",
      "image": "",
      "demo_video": ""
    }
  },
  {
    "model": "exercises.exercise",
    "pk": 41,
    "fields": {
      "category": 1,
      "muscle_group": 3,
      "exercise_type": "strength",
      "name": "Bulgarian Split Squat",
      "description": "Rear foot elevated on a bench. Lower your front knee toward the floor, keeping your torso upright. Powerful unilateral glute and quad builder.",
      "level": "intermediate",
      "sets": 3,
      "reps": "10 each",
      "weight": "8--12kg",
      "rest_time": null,
      "work_time": null,
      "hiit_rest_time": null,
      "rounds": null,
      "duration": "",
      "distance": "",
      "intensity": "",
      "image": "",
      "demo_video": ""
    }
  },
  {
    "model": "exercises.exercise",
    "pk": 42,
    "fields": {
      "category": 1,
      "muscle_group": 3,
      "exercise_type": "strength",
      "name": "Bulgarian Split Squat",
      "description": "Rear foot elevated on a bench. Lower your front knee toward the floor, keeping your torso upright. Powerful unilateral glute and quad builder.",
      "level": "advanced",
      "sets": 4,
      "reps": "10 each",
      "weight": "16kg+",
      "rest_time": null,
      "work_time": null,
      "hiit_rest_time": null,
      "rounds": null,
      "duration": "",
      "distance": "",
      "intensity": "",
      "image": "",
      "demo_video": ""
    }
  },
  {
    "model": "exercises.exercise",
    "pk": 43,
    "fields": {
      "category": 1,
      "muscle_group": 4,
      "exercise_type": "strength",
      "name": "Plank",
      "description": "Hold a push-up position on forearms. Keep hips level --- don't let them sag or rise. Breathe steadily and brace your core throughout.",
      "level": "beginner",
      "sets": 3,
      "reps": "30s",
      "weight": "Bodyweight",
      "rest_time": null,
      "work_time": null,
      "hiit_rest_time": null,
      "rounds": null,
      "duration": "",
      "distance": "",
      "intensity": "",
      "image": "",
      "demo_video": ""
    }
  },
  {
    "model": "exercises.exercise",
    "pk": 44,
    "fields": {
      "category": 1,
      "muscle_group": 4,
      "exercise_type": "strength",
      "name": "Plank",
      "description": "Hold a push-up position on forearms. Keep hips level --- don't let them sag or rise. Breathe steadily and brace your core throughout.",
      "level": "intermediate",
      "sets": 3,
      "reps": "45s",
      "weight": "Bodyweight",
      "rest_time": null,
      "work_time": null,
      "hiit_rest_time": null,
      "rounds": null,
      "duration": "",
      "distance": "",
      "intensity": "",
      "image": "",
      "demo_video": ""
    }
  },
  {
    "model": "exercises.exercise",
    "pk": 45,
    "fields": {
      "category": 1,
      "muscle_group": 4,
      "exercise_type": "strength",
      "name": "Plank",
      "description": "Hold a push-up position on forearms. Keep hips level --- don't let them sag or rise. Breathe steadily and brace your core throughout.",
      "level": "advanced",
      "sets": 3,
      "reps": "60--90s",
      "weight": "Weighted",
      "rest_time": null,
      "work_time": null,
      "hiit_rest_time": null,
      "rounds": null,
      "duration": "",
      "distance": "",
      "intensity": "",
      "image": "",
      "demo_video": ""
    }
  },
  {
    "model": "exercises.exercise",
    "pk": 46,
    "fields": {
      "category": 1,
      "muscle_group": 4,
      "exercise_type": "strength",
      "name": "Hanging Leg Raise",
      "description": "Hang from a pull-up bar. Raise both legs to 90° or higher with control. Lower slowly --- avoid swinging. Targets lower abs heavily.",
      "level": "beginner",
      "sets": 3,
      "reps": "8--10",
      "weight": "Bodyweight",
      "rest_time": null,
      "work_time": null,
      "hiit_rest_time": null,
      "rounds": null,
      "duration": "",
      "distance": "",
      "intensity": "",
      "image": "",
      "demo_video": ""
    }
  },
  {
    "model": "exercises.exercise",
    "pk": 47,
    "fields": {
      "category": 1,
      "muscle_group": 4,
      "exercise_type": "strength",
      "name": "Hanging Leg Raise",
      "description": "Hang from a pull-up bar. Raise both legs to 90° or higher with control. Lower slowly --- avoid swinging. Targets lower abs heavily.",
      "level": "intermediate",
      "sets": 3,
      "reps": "12",
      "weight": "Bodyweight",
      "rest_time": null,
      "work_time": null,
      "hiit_rest_time": null,
      "rounds": null,
      "duration": "",
      "distance": "",
      "intensity": "",
      "image": "",
      "demo_video": ""
    }
  },
  {
    "model": "exercises.exercise",
    "pk": 48,
    "fields": {
      "category": 1,
      "muscle_group": 4,
      "exercise_type": "strength",
      "name": "Hanging Leg Raise",
      "description": "Hang from a pull-up bar. Raise both legs to 90° or higher with control. Lower slowly --- avoid swinging. Targets lower abs heavily.",
      "level": "advanced",
      "sets": 4,
      "reps": "15",
      "weight": "Bodyweight",
      "rest_time": null,
      "work_time": null,
      "hiit_rest_time": null,
      "rounds": null,
      "duration": "",
      "distance": "",
      "intensity": "",
      "image": "",
      "demo_video": ""
    }
  },
  {
    "model": "exercises.exercise",
    "pk": 49,
    "fields": {
      "category": 1,
      "muscle_group": 4,
      "exercise_type": "strength",
      "name": "Russian Twist",
      "description": "Sit at 45°, feet off the floor. Rotate your torso side to side, touching the floor beside each hip. Add a weight plate for more challenge.",
      "level": "beginner",
      "sets": 3,
      "reps": "20 total",
      "weight": "Bodyweight",
      "rest_time": null,
      "work_time": null,
      "hiit_rest_time": null,
      "rounds": null,
      "duration": "",
      "distance": "",
      "intensity": "",
      "image": "",
      "demo_video": ""
    }
  },
  {
    "model": "exercises.exercise",
    "pk": 50,
    "fields": {
      "category": 1,
      "muscle_group": 4,
      "exercise_type": "strength",
      "name": "Russian Twist",
      "description": "Sit at 45°, feet off the floor. Rotate your torso side to side, touching the floor beside each hip. Add a weight plate for more challenge.",
      "level": "intermediate",
      "sets": 3,
      "reps": "20 total",
      "weight": "5kg",
      "rest_time": null,
      "work_time": null,
      "hiit_rest_time": null,
      "rounds": null,
      "duration": "",
      "distance": "",
      "intensity": "",
      "image": "",
      "demo_video": ""
    }
  },
  {
    "model": "exercises.exercise",
    "pk": 51,
    "fields": {
      "category": 1,
      "muscle_group": 4,
      "exercise_type": "strength",
      "name": "Russian Twist",
      "description": "Sit at 45°, feet off the floor. Rotate your torso side to side, touching the floor beside each hip. Add a weight plate for more challenge.",
      "level": "advanced",
      "sets": 4,
      "reps": "24 total",
      "weight": "8--10kg",
      "rest_time": null,
      "work_time": null,
      "hiit_rest_time": null,
      "rounds": null,
      "duration": "",
      "distance": "",
      "intensity": "",
      "image": "",
      "demo_video": ""
    }
  },
  {
    "model": "exercises.exercise",
    "pk": 52,
    "fields": {
      "category": 2,
      "muscle_group": 5,
      "exercise_type": "hiit",
      "name": "Burpees",
      "description": "Drop to the floor, chest down, jump feet back to hands, then explode upward into a jump. Full-body power move that spikes your heart rate fast.",
      "level": "beginner",
      "sets": null,
      "reps": "",
      "weight": "Bodyweight",
      "rest_time": null,
      "work_time": null,
      "hiit_rest_time": null,
      "rounds": null,
      "duration": "",
      "distance": "",
      "intensity": "",
      "image": "",
      "demo_video": ""
    }
  },
  {
    "model": "exercises.exercise",
    "pk": 53,
    "fields": {
      "category": 2,
      "muscle_group": 5,
      "exercise_type": "hiit",
      "name": "Burpees",
      "description": "Drop to the floor, chest down, jump feet back to hands, then explode upward into a jump. Full-body power move that spikes your heart rate fast.",
      "level": "intermediate",
      "sets": null,
      "reps": "",
      "weight": "Bodyweight",
      "rest_time": null,
      "work_time": null,
      "hiit_rest_time": null,
      "rounds": null,
      "duration": "",
      "distance": "",
      "intensity": "",
      "image": "",
      "demo_video": ""
    }
  },
  {
    "model": "exercises.exercise",
    "pk": 54,
    "fields": {
      "category": 2,
      "muscle_group": 5,
      "exercise_type": "hiit",
      "name": "Burpees",
      "description": "Drop to the floor, chest down, jump feet back to hands, then explode upward into a jump. Full-body power move that spikes your heart rate fast.",
      "level": "advanced",
      "sets": null,
      "reps": "",
      "weight": "Bodyweight",
      "rest_time": null,
      "work_time": null,
      "hiit_rest_time": null,
      "rounds": null,
      "duration": "",
      "distance": "",
      "intensity": "",
      "image": "",
      "demo_video": ""
    }
  },
  {
    "model": "exercises.exercise",
    "pk": 55,
    "fields": {
      "category": 2,
      "muscle_group": 5,
      "exercise_type": "hiit",
      "name": "Jump Squats",
      "description": "Lower into a squat then explode upward, leaving the ground. Land softly with bent knees. Builds explosive leg power and keeps the heart rate high.",
      "level": "beginner",
      "sets": null,
      "reps": "",
      "weight": "Bodyweight",
      "rest_time": null,
      "work_time": null,
      "hiit_rest_time": null,
      "rounds": null,
      "duration": "",
      "distance": "",
      "intensity": "",
      "image": "",
      "demo_video": ""
    }
  },
  {
    "model": "exercises.exercise",
    "pk": 56,
    "fields": {
      "category": 2,
      "muscle_group": 5,
      "exercise_type": "hiit",
      "name": "Jump Squats",
      "description": "Lower into a squat then explode upward, leaving the ground. Land softly with bent knees. Builds explosive leg power and keeps the heart rate high.",
      "level": "intermediate",
      "sets": null,
      "reps": "",
      "weight": "Bodyweight",
      "rest_time": null,
      "work_time": null,
      "hiit_rest_time": null,
      "rounds": null,
      "duration": "",
      "distance": "",
      "intensity": "",
      "image": "",
      "demo_video": ""
    }
  },
  {
    "model": "exercises.exercise",
    "pk": 57,
    "fields": {
      "category": 2,
      "muscle_group": 5,
      "exercise_type": "hiit",
      "name": "Jump Squats",
      "description": "Lower into a squat then explode upward, leaving the ground. Land softly with bent knees. Builds explosive leg power and keeps the heart rate high.",
      "level": "advanced",
      "sets": null,
      "reps": "",
      "weight": "Bodyweight",
      "rest_time": null,
      "work_time": null,
      "hiit_rest_time": null,
      "rounds": null,
      "duration": "",
      "distance": "",
      "intensity": "",
      "image": "",
      "demo_video": ""
    }
  },
  {
    "model": "exercises.exercise",
    "pk": 58,
    "fields": {
      "category": 2,
      "muscle_group": 5,
      "exercise_type": "hiit",
      "name": "Mountain Climbers",
      "description": "Start in a plank. Drive alternating knees toward your chest as fast as possible while keeping hips level. Core and cardio combined.",
      "level": "beginner",
      "sets": null,
      "reps": "",
      "weight": "Bodyweight",
      "rest_time": null,
      "work_time": null,
      "hiit_rest_time": null,
      "rounds": null,
      "duration": "",
      "distance": "",
      "intensity": "",
      "image": "",
      "demo_video": ""
    }
  },
  {
    "model": "exercises.exercise",
    "pk": 59,
    "fields": {
      "category": 2,
      "muscle_group": 5,
      "exercise_type": "hiit",
      "name": "Mountain Climbers",
      "description": "Start in a plank. Drive alternating knees toward your chest as fast as possible while keeping hips level. Core and cardio combined.",
      "level": "intermediate",
      "sets": null,
      "reps": "",
      "weight": "Bodyweight",
      "rest_time": null,
      "work_time": null,
      "hiit_rest_time": null,
      "rounds": null,
      "duration": "",
      "distance": "",
      "intensity": "",
      "image": "",
      "demo_video": ""
    }
  },
  {
    "model": "exercises.exercise",
    "pk": 60,
    "fields": {
      "category": 2,
      "muscle_group": 5,
      "exercise_type": "hiit",
      "name": "Mountain Climbers",
      "description": "Start in a plank. Drive alternating knees toward your chest as fast as possible while keeping hips level. Core and cardio combined.",
      "level": "advanced",
      "sets": null,
      "reps": "",
      "weight": "Bodyweight",
      "rest_time": null,
      "work_time": null,
      "hiit_rest_time": null,
      "rounds": null,
      "duration": "",
      "distance": "",
      "intensity": "",
      "image": "",
      "demo_video": ""
    }
  },
  {
    "model": "exercises.exercise",
    "pk": 61,
    "fields": {
      "category": 2,
      "muscle_group": 5,
      "exercise_type": "hiit",
      "name": "High Knees",
      "description": "Run in place, driving knees up to hip height with each step. Pump your arms and stay on the balls of your feet for maximum intensity.",
      "level": "beginner",
      "sets": null,
      "reps": "",
      "weight": "Bodyweight",
      "rest_time": null,
      "work_time": null,
      "hiit_rest_time": null,
      "rounds": null,
      "duration": "",
      "distance": "",
      "intensity": "",
      "image": "",
      "demo_video": ""
    }
  },
  {
    "model": "exercises.exercise",
    "pk": 62,
    "fields": {
      "category": 2,
      "muscle_group": 5,
      "exercise_type": "hiit",
      "name": "High Knees",
      "description": "Run in place, driving knees up to hip height with each step. Pump your arms and stay on the balls of your feet for maximum intensity.",
      "level": "intermediate",
      "sets": null,
      "reps": "",
      "weight": "Bodyweight",
      "rest_time": null,
      "work_time": null,
      "hiit_rest_time": null,
      "rounds": null,
      "duration": "",
      "distance": "",
      "intensity": "",
      "image": "",
      "demo_video": ""
    }
  },
  {
    "model": "exercises.exercise",
    "pk": 63,
    "fields": {
      "category": 2,
      "muscle_group": 5,
      "exercise_type": "hiit",
      "name": "High Knees",
      "description": "Run in place, driving knees up to hip height with each step. Pump your arms and stay on the balls of your feet for maximum intensity.",
      "level": "advanced",
      "sets": null,
      "reps": "",
      "weight": "Bodyweight",
      "rest_time": null,
      "work_time": null,
      "hiit_rest_time": null,
      "rounds": null,
      "duration": "",
      "distance": "",
      "intensity": "",
      "image": "",
      "demo_video": ""
    }
  },
  {
    "model": "exercises.exercise",
    "pk": 64,
    "fields": {
      "category": 2,
      "muscle_group": 5,
      "exercise_type": "hiit",
      "name": "Skater Jumps",
      "description": "Leap laterally from one foot to the other in a speed-skater motion, swinging your arms for balance. Great for lateral power and agility.",
      "level": "beginner",
      "sets": null,
      "reps": "",
      "weight": "Bodyweight",
      "rest_time": null,
      "work_time": null,
      "hiit_rest_time": null,
      "rounds": null,
      "duration": "",
      "distance": "",
      "intensity": "",
      "image": "",
      "demo_video": ""
    }
  },
  {
    "model": "exercises.exercise",
    "pk": 65,
    "fields": {
      "category": 2,
      "muscle_group": 5,
      "exercise_type": "hiit",
      "name": "Skater Jumps",
      "description": "Leap laterally from one foot to the other in a speed-skater motion, swinging your arms for balance. Great for lateral power and agility.",
      "level": "intermediate",
      "sets": null,
      "reps": "",
      "weight": "Bodyweight",
      "rest_time": null,
      "work_time": null,
      "hiit_rest_time": null,
      "rounds": null,
      "duration": "",
      "distance": "",
      "intensity": "",
      "image": "",
      "demo_video": ""
    }
  },
  {
    "model": "exercises.exercise",
    "pk": 66,
    "fields": {
      "category": 2,
      "muscle_group": 5,
      "exercise_type": "hiit",
      "name": "Skater Jumps",
      "description": "Leap laterally from one foot to the other in a speed-skater motion, swinging your arms for balance. Great for lateral power and agility.",
      "level": "advanced",
      "sets": null,
      "reps": "",
      "weight": "Bodyweight",
      "rest_time": null,
      "work_time": null,
      "hiit_rest_time": null,
      "rounds": null,
      "duration": "",
      "distance": "",
      "intensity": "",
      "image": "",
      "demo_video": ""
    }
  },
  {
    "model": "exercises.exercise",
    "pk": 67,
    "fields": {
      "category": 2,
      "muscle_group": 5,
      "exercise_type": "hiit",
      "name": "Jump Lunges",
      "description": "Start in a lunge. Jump and switch leg positions mid-air, landing in a lunge on the opposite side. Keep your torso upright throughout.",
      "level": "beginner",
      "sets": null,
      "reps": "",
      "weight": "Bodyweight",
      "rest_time": null,
      "work_time": null,
      "hiit_rest_time": null,
      "rounds": null,
      "duration": "",
      "distance": "",
      "intensity": "",
      "image": "",
      "demo_video": ""
    }
  },
  {
    "model": "exercises.exercise",
    "pk": 68,
    "fields": {
      "category": 2,
      "muscle_group": 5,
      "exercise_type": "hiit",
      "name": "Jump Lunges",
      "description": "Start in a lunge. Jump and switch leg positions mid-air, landing in a lunge on the opposite side. Keep your torso upright throughout.",
      "level": "intermediate",
      "sets": null,
      "reps": "",
      "weight": "Bodyweight",
      "rest_time": null,
      "work_time": null,
      "hiit_rest_time": null,
      "rounds": null,
      "duration": "",
      "distance": "",
      "intensity": "",
      "image": "",
      "demo_video": ""
    }
  },
  {
    "model": "exercises.exercise",
    "pk": 69,
    "fields": {
      "category": 2,
      "muscle_group": 5,
      "exercise_type": "hiit",
      "name": "Jump Lunges",
      "description": "Start in a lunge. Jump and switch leg positions mid-air, landing in a lunge on the opposite side. Keep your torso upright throughout.",
      "level": "advanced",
      "sets": null,
      "reps": "",
      "weight": "Bodyweight",
      "rest_time": null,
      "work_time": null,
      "hiit_rest_time": null,
      "rounds": null,
      "duration": "",
      "distance": "",
      "intensity": "",
      "image": "",
      "demo_video": ""
    }
  },
  {
    "model": "exercises.exercise",
    "pk": 70,
    "fields": {
      "category": 3,
      "muscle_group": 6,
      "exercise_type": "cardio",
      "name": "Brisk Walking",
      "description": "Walk at a purposeful pace where you can hold a conversation but feel your heart rate elevated. Great entry-level cardio for all fitness levels.",
      "level": "beginner",
      "sets": null,
      "reps": "",
      "weight": "",
      "rest_time": null,
      "work_time": null,
      "hiit_rest_time": null,
      "rounds": null,
      "duration": "30 min",
      "distance": "",
      "intensity": "low",
      "image": "",
      "demo_video": ""
    }
  },
  {
    "model": "exercises.exercise",
    "pk": 71,
    "fields": {
      "category": 3,
      "muscle_group": 6,
      "exercise_type": "cardio",
      "name": "Incline Treadmill Walk",
      "description": "Set treadmill to 6--10% incline. Walk at moderate pace. Engages glutes and calves more than flat walking and burns significantly more calories.",
      "level": "beginner",
      "sets": null,
      "reps": "",
      "weight": "",
      "rest_time": null,
      "work_time": null,
      "hiit_rest_time": null,
      "rounds": null,
      "duration": "20--30 min",
      "distance": "",
      "intensity": "low",
      "image": "",
      "demo_video": ""
    }
  },
  {
    "model": "exercises.exercise",
    "pk": 72,
    "fields": {
      "category": 3,
      "muscle_group": 6,
      "exercise_type": "cardio",
      "name": "Jogging",
      "description": "Maintain a comfortable running pace where speaking in short sentences is possible. Focus on landing mid-foot and keeping a steady rhythm.",
      "level": "intermediate",
      "sets": null,
      "reps": "",
      "weight": "",
      "rest_time": null,
      "work_time": null,
      "hiit_rest_time": null,
      "rounds": null,
      "duration": "20--40 min",
      "distance": "3--5km",
      "intensity": "moderate",
      "image": "",
      "demo_video": ""
    }
  },
  {
    "model": "exercises.exercise",
    "pk": 73,
    "fields": {
      "category": 3,
      "muscle_group": 6,
      "exercise_type": "cardio",
      "name": "Cycling",
      "description": "Steady-state cycling on a stationary bike or outdoors. Maintain a consistent cadence. Low-impact option that's easy on the joints.",
      "level": "intermediate",
      "sets": null,
      "reps": "",
      "weight": "",
      "rest_time": null,
      "work_time": null,
      "hiit_rest_time": null,
      "rounds": null,
      "duration": "30 min",
      "distance": "10--15km",
      "intensity": "moderate",
      "image": "",
      "demo_video": ""
    }
  },
  {
    "model": "exercises.exercise",
    "pk": 74,
    "fields": {
      "category": 3,
      "muscle_group": 6,
      "exercise_type": "cardio",
      "name": "Sprint Intervals",
      "description": "Sprint at maximum effort for 30 seconds, then walk for 90 seconds. Repeat 10 times. Maximises calorie burn and improves anaerobic capacity.",
      "level": "advanced",
      "sets": null,
      "reps": "",
      "weight": "",
      "rest_time": null,
      "work_time": null,
      "hiit_rest_time": null,
      "rounds": null,
      "duration": "25 min",
      "distance": "10×30s",
      "intensity": "high",
      "image": "",
      "demo_video": ""
    }
  },
  {
    "model": "exercises.exercise",
    "pk": 75,
    "fields": {
      "category": 3,
      "muscle_group": 6,
      "exercise_type": "cardio",
      "name": "Stair Climber",
      "description": "Use a stair climber machine or real stairs at a challenging pace. Targets glutes, quads, and calves while delivering serious cardiovascular demand.",
      "level": "advanced",
      "sets": null,
      "reps": "",
      "weight": "",
      "rest_time": null,
      "work_time": null,
      "hiit_rest_time": null,
      "rounds": null,
      "duration": "15--20 min",
      "distance": "",
      "intensity": "high",
      "image": "",
      "demo_video": ""
    }
  },
  {
    "model": "exercises.exercise",
    "pk": 76,
    "fields": {
      "category": 4,
      "muscle_group": 5,
      "exercise_type": "mobility",
      "name": "World's Greatest Stretch",
      "description": "Step into a deep lunge, place same-side hand on the floor, then rotate the opposite arm to the sky. Opens hips, thoracic spine, and hamstrings in one move.",
      "level": "beginner",
      "sets": 2,
      "reps": "5 each side",
      "weight": "Bodyweight",
      "rest_time": null,
      "work_time": null,
      "hiit_rest_time": null,
      "rounds": null,
      "duration": "45s",
      "distance": "",
      "intensity": "",
      "image": "",
      "demo_video": ""
    }
  },
  {
    "model": "exercises.exercise",
    "pk": 77,
    "fields": {
      "category": 4,
      "muscle_group": 5,
      "exercise_type": "mobility",
      "name": "Hip 90/90 Stretch",
      "description": "Sit with both legs at 90° angles in front and behind you. Sit tall through both hips equally. Slowly lean over the front shin to deepen the stretch.",
      "level": "beginner",
      "sets": 2,
      "reps": "60s each",
      "weight": "Bodyweight",
      "rest_time": null,
      "work_time": null,
      "hiit_rest_time": null,
      "rounds": null,
      "duration": "60s",
      "distance": "",
      "intensity": "",
      "image": "",
      "demo_video": ""
    }
  },
  {
    "model": "exercises.exercise",
    "pk": 78,
    "fields": {
      "category": 4,
      "muscle_group": 5,
      "exercise_type": "mobility",
      "name": "Thoracic Rotation",
      "description": "Sit in a half-kneeling position. Place one hand behind your head and rotate your elbow toward the ceiling. Improves upper back rotation and posture.",
      "level": "intermediate",
      "sets": 3,
      "reps": "8 each side",
      "weight": "Bodyweight",
      "rest_time": null,
      "work_time": null,
      "hiit_rest_time": null,
      "rounds": null,
      "duration": "45s",
      "distance": "",
      "intensity": "",
      "image": "",
      "demo_video": ""
    }
  },
  {
    "model": "exercises.exercise",
    "pk": 79,
    "fields": {
      "category": 4,
      "muscle_group": 5,
      "exercise_type": "mobility",
      "name": "Deep Squat Hold",
      "description": "Squat as deep as possible and hold, using your elbows to push your knees out. Ankles, hips, and thoracic spine all benefit. Use a wall for support if needed.",
      "level": "intermediate",
      "sets": 3,
      "reps": "45s hold",
      "weight": "Bodyweight",
      "rest_time": null,
      "work_time": null,
      "hiit_rest_time": null,
      "rounds": null,
      "duration": "45s",
      "distance": "",
      "intensity": "",
      "image": "",
      "demo_video": ""
    }
  },
  {
    "model": "exercises.exercise",
    "pk": 80,
    "fields": {
      "category": 4,
      "muscle_group": 5,
      "exercise_type": "mobility",
      "name": "Cossack Squat",
      "description": "Stand wide. Shift your weight to one side, bending that knee deeply while the other leg stays straight. Alternate sides. Builds lateral hip mobility.",
      "level": "advanced",
      "sets": 3,
      "reps": "8 each side",
      "weight": "Bodyweight",
      "rest_time": null,
      "work_time": null,
      "hiit_rest_time": null,
      "rounds": null,
      "duration": "60s",
      "distance": "",
      "intensity": "",
      "image": "",
      "demo_video": ""
    }
  }
]